Method,Dataset,Value
recbole_EASE,movielens_20m,0.7383187536960221
recbole_EASE,movielens_1m,0.6852685995583208
recbole_EASE,foursquare,0.5605657378401113
recbole_EASE,douban_movies,0.680127780013512
recbole_EASE,douban_music,0.9174869670543612
recbole_EASE,douban_books,0.8485855117599475
recbole_EASE,reddit,0.8215247642836465
recbole_EASE,ratebeer,0.5860930602159644
recbole_EASE,epinions,0.9479026326881064
recbole_EASE,tafeng,0.9320826399602856
recbole_EASE,movielens_10m,0.723598949211228
recbole_EASE,dianping,0.9355524104048726
recbole_EASE,food,0.9286128891375728
recbole_EASE,retail,0.928193780411591
recbole_EASE,gowalla,0.8776470728306155
recbole_EASE,amazon_cds,0.9544208361833478
recbole_EASE,netflix,0.7374565511855999
recbole_EASE,amazon_mi,0.9389381606227598
recbole_EASE,amazon_tv,0.9332334297152876
recbole_EASE,kuairec_full,0.5279671058559285
recbole_EASE,kuairec_small,0.2773109827359583
recbole_EASE,amazon_finefoods,0.9301221915559708
recbole_EASE,beeradvocate,0.6635128773743602
recbole_EASE,brightkite,0.9156215094694168
recbole_EASE,rekko,0.9178855540446826
recbole_EASE,mts_library,0.9119837141833742
recbole_EASE,goodreads,0.9434467330260924
recbole_EASE,yelp,0.9456492781259512
recbole_MultiVAE,movielens_20m,0.7492703642560864
recbole_MultiVAE,foursquare,0.5704573947329883
recbole_MultiVAE,kuairec_small,0.0602766607721316
recbole_MultiVAE,douban_music,0.8527669301161089
recbole_MultiVAE,douban_books,0.8522455378464365
recbole_MultiVAE,reddit,0.8437141699068937
recbole_MultiVAE,movielens_1m,0.6673492747703792
recbole_MultiVAE,douban_movies,0.7101004376706711
recbole_MultiVAE,kuairec_full,0.5721199029875443
recbole_MultiVAE,rekko,0.9256023724447426
recbole_MultiVAE,brightkite,0.9269848958927872
recbole_MultiVAE,amazon_finefoods,0.9103328042032692
recbole_MultiVAE,beeradvocate,0.6126888016872605
recbole_MultiVAE,ratebeer,0.6660242552697166
recbole_MultiVAE,epinions,0.936385422003747
recbole_MultiVAE,tafeng,0.8971647473484173
recbole_MultiVAE,movielens_10m,0.7462951706858366
recbole_MultiVAE,dianping,0.941909792031672
recbole_MultiVAE,food,0.9099819501882928
recbole_MultiVAE,retail,0.9439070521747756
recbole_MultiVAE,amazon_cds,0.9737705448769596
recbole_MultiVAE,goodreads,0.9368910566498004
recbole_MultiVAE,gowalla,0.8806707927431422
recbole_MultiVAE,amazon_tv,0.9691910135070754
recbole_MultiVAE,mts_library,0.9767083210145692
recbole_MultiVAE,netflix,0.7202389962957078
recbole_MultiVAE,yelp,0.9508881343595345
recbole_MultiVAE,amazon_mi,0.9617127711774818
recbole_ItemKNN,foursquare,0.54480829436625
recbole_ItemKNN,kuairec_small,0.0742148169460801
recbole_ItemKNN,movielens_1m,0.5959184031770811
recbole_ItemKNN,movielens_20m,0.605730936879949
recbole_ItemKNN,douban_music,0.8786757065590755
recbole_ItemKNN,douban_books,0.8333346367351986
recbole_ItemKNN,douban_movies,0.6420541582847914
recbole_ItemKNN,kuairec_full,0.3137995421321496
recbole_ItemKNN,rekko,0.9165167770453996
recbole_ItemKNN,brightkite,0.8527725238549657
recbole_ItemKNN,amazon_finefoods,0.8125646897709928
recbole_ItemKNN,beeradvocate,0.6152505799863042
recbole_ItemKNN,ratebeer,0.4930438375946767
recbole_ItemKNN,epinions,0.9259727915712482
recbole_ItemKNN,tafeng,0.911912158834575
recbole_ItemKNN,movielens_10m,0.6265982989602579
recbole_ItemKNN,dianping,0.9128856543199296
recbole_ItemKNN,food,0.8803157983644613
recbole_ItemKNN,retail,0.7004077672499724
recbole_ItemKNN,amazon_cds,0.864689585087411
recbole_ItemKNN,amazon_tv,0.7995561688824011
recbole_ItemKNN,yelp,0.9001061227386551
recbole_ItemKNN,mts_library,0.886583538106591
recbole_ItemKNN,goodreads,0.903312287928481
recbole_ItemKNN,gowalla,0.8063331609283015
recbole_ItemKNN,reddit,0.777773446451481
recbole_ItemKNN,netflix,0.6440834405398123
recbole_ItemKNN,amazon_mi,0.8643198047232292
recbole_SLIMElastic,foursquare,0.5739545992792595
recbole_SLIMElastic,douban_music,0.8785777411531737
recbole_SLIMElastic,douban_books,0.8852627353091174
recbole_SLIMElastic,reddit,0.8329160354399534
recbole_SLIMElastic,kuairec_small,0.1164375600415341
recbole_SLIMElastic,movielens_1m,0.6158303184639834
recbole_SLIMElastic,douban_movies,0.6329621935682161
recbole_SLIMElastic,kuairec_full,0.4562609091657977
recbole_SLIMElastic,gowalla,0.9068947268268854
recbole_SLIMElastic,amazon_cds,0.9723421556474952
recbole_SLIMElastic,yelp,0.9888460993544084
recbole_SLIMElastic,rekko,0.9191945400551512
recbole_SLIMElastic,brightkite,0.9189546447492754
recbole_SLIMElastic,amazon_finefoods,0.9441465504499
recbole_SLIMElastic,beeradvocate,0.6463050304412836
recbole_SLIMElastic,movielens_10m,0.7165975448679074
recbole_SLIMElastic,dianping,0.9405175094568884
recbole_SLIMElastic,epinions,0.9506918026919968
recbole_SLIMElastic,food,0.9348082605377748
recbole_SLIMElastic,ratebeer,0.5546477015400562
recbole_SLIMElastic,retail,0.9371663026647626
recbole_SLIMElastic,tafeng,0.9485278109495836
recbole_SLIMElastic,netflix,0.6503870773939724
recbole_SLIMElastic,amazon_mi,0.8767147451505013
recbole_SLIMElastic,mts_library,0.932129620814824
recbole_SLIMElastic,amazon_tv,0.9982166673886546
recbole_SLIMElastic,goodreads,0.9590688957922164
recbole_SLIMElastic,movielens_20m,0.7296475999260004
recbole_LightGCN,amazon_cds,0.9700749751739371
recbole_LightGCN,amazon_finefoods,0.8649060835360178
recbole_LightGCN,amazon_mi,0.9595758470908294
recbole_LightGCN,dianping,0.9492179821164236
recbole_LightGCN,amazon_tv,0.8786793965046485
recbole_LightGCN,beeradvocate,0.7088390655745155
recbole_LightGCN,brightkite,0.9068413990126316
recbole_LightGCN,douban_books,0.8894892180119547
recbole_LightGCN,epinions,0.9621966777267964
recbole_LightGCN,douban_movies,0.6569887274539694
recbole_LightGCN,food,0.954366219093482
recbole_LightGCN,gowalla,0.8981725205058902
recbole_LightGCN,foursquare,0.6547919111672327
recbole_LightGCN,douban_music,0.8685397392641475
recbole_LightGCN,goodreads,0.9572950581166196
recbole_LightGCN,kuairec_full,0.5270182709449074
recbole_LightGCN,kuairec_small,0.3261833023212527
recbole_LightGCN,movielens_10m,0.7578525285113744
recbole_LightGCN,movielens_1m,0.7361519867309405
recbole_LightGCN,movielens_20m,0.7375779242388156
recbole_LightGCN,netflix,0.7507160655542034
recbole_LightGCN,ratebeer,0.63716471296329
recbole_LightGCN,rekko,0.9347914325698524
recbole_LightGCN,mts_library,0.9550310723234362
recbole_LightGCN,reddit,0.8499450596044562
recbole_LightGCN,retail,0.9250087804645022
recbole_LightGCN,tafeng,0.9521220883024434
recbole_LightGCN,yelp,0.9416087660344395
recbole_LightGCL,foursquare,0.6459019153267478
recbole_LightGCL,douban_books,0.8987060624797525
recbole_LightGCL,douban_music,0.8795038758294638
recbole_LightGCL,amazon_cds,0.9556893636073156
recbole_LightGCL,brightkite,0.9168686392013804
recbole_LightGCL,dianping,0.9527161515318838
recbole_LightGCL,movielens_1m,0.7410108051867514
recbole_LightGCL,epinions,0.9383196648148052
recbole_LightGCL,amazon_finefoods,0.9148213386809436
recbole_LightGCL,amazon_mi,0.9651035254999014
recbole_LightGCL,amazon_tv,0.958827658469076
recbole_LightGCL,food,0.9046775865823216
recbole_LightGCL,beeradvocate,0.7169300451856967
recbole_LightGCL,reddit,0.8368367924452218
recbole_LightGCL,kuairec_full,0.7631578947368421
recbole_LightGCL,douban_movies,0.786492826275403
recbole_LightGCL,gowalla,0.8873480908584346
recbole_LightGCL,ratebeer,0.5635725349838372
recbole_LightGCL,rekko,0.9072099119466012
recbole_LightGCL,goodreads,0.952530794088984
recbole_LightGCL,retail,0.9257833340131888
recbole_LightGCL,kuairec_small,0.7286116608937427
recbole_LightGCL,movielens_10m,0.7285028631651298
recbole_LightGCL,movielens_20m,0.7016446579608047
recbole_LightGCL,mts_library,0.9231323459660766
recbole_LightGCL,tafeng,0.8996188307463775
recbole_LightGCL,yelp,0.9325896371781336
recbole_LightGCL,netflix,0.6750291095517209
implicit_als,foursquare,0.5708198885857017
implicit_als,kuairec_small,0.1281616344977204
implicit_als,douban_music,0.9134810058580792
implicit_als,douban_books,0.8350703639404473
implicit_als,reddit,0.8120571721272739
implicit_als,movielens_1m,0.6567944586011021
implicit_als,douban_movies,0.6784233146814362
implicit_als,kuairec_full,0.3485732404360911
implicit_als,rekko,0.9247356363727816
implicit_als,brightkite,0.9050638837626328
implicit_als,amazon_finefoods,0.8890463212414225
implicit_als,beeradvocate,0.6327088828641996
implicit_als,ratebeer,0.5721540132998117
implicit_als,epinions,0.9518105092229128
implicit_als,tafeng,0.9223949363696335
implicit_als,movielens_10m,0.7284762182800737
implicit_als,dianping,0.931390557556674
implicit_als,food,0.9096288914976264
implicit_als,movielens_20m,0.73158870846031
implicit_als,retail,0.9303327208625404
implicit_als,mts_library,0.875174197932149
implicit_als,amazon_cds,0.9624188156523676
implicit_als,goodreads,0.92620999315679
implicit_als,gowalla,0.8766371605830465
implicit_als,amazon_tv,0.9445505508112484
implicit_als,yelp,0.9395935186774016
implicit_als,netflix,0.7225778557000262
implicit_als,amazon_mi,0.9611401049115876
implicit_bpr,foursquare,0.5663725405860613
implicit_bpr,kuairec_small,
implicit_bpr,douban_music,0.8909686769183647
implicit_bpr,douban_books,0.8288089472043948
implicit_bpr,reddit,0.8672822944951839
implicit_bpr,movielens_1m,0.6088910162729552
implicit_bpr,douban_movies,0.7564573867259514
implicit_bpr,kuairec_full,0.6303718355617237
implicit_bpr,rekko,0.9403964990382376
implicit_bpr,brightkite,0.936949016917196
implicit_bpr,amazon_finefoods,0.9655082405637038
implicit_bpr,beeradvocate,0.6065116182375261
implicit_bpr,ratebeer,0.6455413309947748
implicit_bpr,epinions,0.9725134098905912
implicit_bpr,tafeng,0.9309963132810678
implicit_bpr,movielens_10m,0.7589103295032449
implicit_bpr,dianping,0.9459863854282716
implicit_bpr,food,0.910050970862595
implicit_bpr,movielens_20m,0.7217815623587007
implicit_bpr,retail,0.952481986726814
implicit_bpr,mts_library,0.9827312158841864
implicit_bpr,amazon_cds,0.9842651268959682
implicit_bpr,goodreads,0.9629402193890572
implicit_bpr,gowalla,0.9388158863735214
implicit_bpr,amazon_tv,0.98517523902963
implicit_bpr,yelp,0.9794487173381206
implicit_bpr,netflix,0.721453138849574
implicit_bpr,amazon_mi,0.9449145796755316
lightfm,foursquare,0.5752888865781435
lightfm,kuairec_small,0.0861929262101065
lightfm,douban_music,0.8435389923038228
lightfm,douban_books,0.8325288983306943
lightfm,reddit,0.776192454749475
lightfm,movielens_1m,0.6124084077871387
lightfm,douban_movies,0.5417603591740108
lightfm,kuairec_full,0.3919738754360723
lightfm,rekko,0.9095751061149192
lightfm,brightkite,0.8920677871073872
lightfm,amazon_finefoods,0.8057800531883317
lightfm,beeradvocate,0.6080087693267167
lightfm,ratebeer,0.543894639082612
lightfm,epinions,0.9312130113928928
lightfm,tafeng,0.8972715048068102
lightfm,movielens_10m,0.6888882921822274
lightfm,dianping,0.9189284008613986
lightfm,food,0.9068047773920376
lightfm,movielens_20m,0.6925175405381033
lightfm,retail,0.9239572900494976
lightfm,mts_library,0.9553667672306736
lightfm,amazon_cds,0.9546172797280924
lightfm,goodreads,0.9232915213359542
lightfm,gowalla,0.88125314656185
lightfm,amazon_tv,0.9420585527167024
lightfm,yelp,0.921138311390074
lightfm,netflix,0.6848840241387548
lightfm,amazon_mi,0.9511396295332236
most_popular,amazon_cds,0.9650151657414474
most_popular,amazon_finefoods,0.6765299614891618
most_popular,amazon_tv,0.924218345330821
most_popular,beeradvocate,0.559355977426307
most_popular,brightkite,0.931163829259562
most_popular,dianping,0.9108974829923624
most_popular,douban_books,0.8205585145341179
most_popular,douban_movies,0.5430329222048624
most_popular,douban_music,0.8488426112497485
most_popular,epinions,0.9312617631405272
most_popular,food,0.9047142061340536
most_popular,foursquare,0.5322537969656602
most_popular,goodreads,0.9259157727392172
most_popular,gowalla,0.9259063975707562
most_popular,kuairec_full,0.2622633499988203
most_popular,kuairec_small,0.0596980128069466
most_popular,movielens_10m,0.6145661285253049
most_popular,movielens_1m,0.5699218568007777
most_popular,movielens_20m,0.589127496088296
most_popular,mts_library,0.9672236217507676
most_popular,netflix,0.5353358736348952
most_popular,ratebeer,0.4892015178577188
most_popular,reddit,0.7431529915064343
most_popular,rekko,0.9052301012084228
most_popular,retail,0.937348466924392
most_popular,tafeng,0.8974287998177094
most_popular,yelp,0.9625489787329384
most_popular,amazon_mi,0.956539597064414
random,douban_books,
random,douban_movies,
random,douban_music,
random,foursquare,0.9184474916969276
random,kuairec_small,
random,movielens_1m,
random,reddit,0.9875742684963732
random,amazon_finefoods,
random,beeradvocate,
random,brightkite,
random,epinions,
random,kuairec_full,
random,movielens_10m,
random,ratebeer,
random,rekko,
random,tafeng,
random,dianping,
random,food,
random,movielens_20m,
random,mts_library,0.9996436049559018
random,retail,
random,netflix,
random,amazon_cds,
random,amazon_tv,
random,goodreads,
random,gowalla,
random,yelp,
random,amazon_mi,
